customer_id,applicant_age,applicant_income,loan_amount,loan_term,interest_rate,property_value,down_payment,credit_score,employment_status
1,86,360275.27,519274.42,25,10.16,7282908.03,804213.22,703,Employed
2,70,790711.31,688946.98,4,4.7,5737702.15,730760.9,486,Unemployed
3,66,371223.17,10663.87,12,4.68,9805834.02,223214.63,706,Self-employed
4,34,767090.73,661668.63,16,15.1,2905067.25,956723.7,719,Unemployed
5,19,883318.51,41254.32,14,18.95,5337852.79,648858.35,351,Employed
6,95,782924.11,926818.14,20,9.79,669188.7,299871.96,644,Unemployed
7,83,60052.5,232586.94,20,6.61,1193384.02,211032.83,632,Self-employed
8,24,592668.52,674736.17,19,11.48,677000.32,878942.51,689,Employed
9,53,321136.27,220826.34,25,18.04,285933.36,703305.61,715,Self-employed
10,88,172489.87,777769.41,3,9.22,4037680.94,83804.72,703,Self-employed
11,84,390027.87,257721.15,21,14.31,642768.36,211614.79,579,Employed
12,50,647507.48,22803.62,16,9.62,5947170.16,642816.8,427,Unemployed
13,95,517523.63,398159.53,12,6.4,3572966.84,90586.03,442,Self-employed
14,61,198601.51,869834.14,11,3.92,374274.8,442331.64,518,Unemployed
15,59,605311.06,72798.75,3,15.37,8052266.5,443078.24,685,Employed
16,88,212956.7,184346.74,21,10.88,9307045.86,142564.32,407,Unemployed
17,69,587149.24,944121.63,29,11.05,4628850.26,121415.61,377,Self-employed
18,55,347675.11,735539.78,30,14.2,185890.5,671489.45,613,Self-employed
19,45,244459.39,332904.24,7,11.33,3447742.24,943349.43,621,Self-employed
20,80,302744.94,227279.6,1,1.59,6604995.44,292540.51,655,Self-employed
21,69,524618.61,693337.4,17,9.44,2385467.4,977852.34,549,Self-employed
22,97,317347.22,678669.89,15,8.41,2682347.9,555227.1,335,Employed
23,96,392956.04,793408.24,26,19.1,3798454.92,279239,306,Self-employed
24,31,426883.51,691278.64,23,9.35,9493052.86,841838.53,553,Self-employed
25,45,737481.35,820894.92,25,4.96,4713273.46,655144.87,738,Employed
26,21,61401.58,440685.65,5,17.72,8134403.36,332326.12,407,Unemployed
27,52,843066.74,136267.52,14,4.65,4903868.67,851183.29,467,Unemployed
28,89,535356.63,648931.15,13,15.89,151821.57,662068.4,613,Self-employed
29,58,659395.2,749640.41,5,12.37,4892603.74,937847.29,786,Self-employed
30,44,805721.7,6343.51,17,0.89,6919818.28,315381.3,730,Unemployed
31,25,395572.53,948359.75,12,19.46,1963765.82,739041.59,671,Unemployed
32,71,889930.53,156696.99,19,16.02,1008354.11,583290,563,Self-employed
33,71,253725.96,762149.35,20,17.68,9700750.69,231996.02,454,Self-employed
34,71,44138.29,733177.84,10,17.46,8179779.27,807887.81,408,Employed
35,92,387400.03,31140.85,25,16.74,9891123.84,846127.79,770,Self-employed
36,34,709229.2,980995.61,18,12.68,7947755.57,444549.79,744,Employed
37,71,618630.77,220580.18,15,10.05,477456.75,95211.63,467,Employed
38,72,290432.99,593006.81,20,15.6,3545688.5,691067.08,745,Unemployed
39,64,613560.48,451033.56,13,12.65,9923832.19,718204.16,368,Unemployed
40,32,239208.61,117337.66,24,13.54,3923563.7,72581.1,405,Unemployed
41,90,954871.55,965439.89,28,3.67,5975148.71,138370.16,697,Employed
42,68,446992.72,292750.03,25,7.26,5503411.59,243331.07,354,Employed
43,39,968554.9,810478,13,7.7,8852438.45,58588.57,499,Unemployed
44,74,705458.79,802426.73,5,14.56,8116394.59,957767.96,586,Unemployed
45,65,750836.87,53870.83,24,9.52,4566944.36,100266.09,521,Self-employed
46,85,912978.68,984991.91,14,13.49,1856595.1,374650.86,756,Employed
47,74,593722.3,760023.6,24,14.02,3156214.23,802558.04,769,Unemployed
48,36,744638.22,902915.36,12,18.59,9933290.64,124630.11,305,Unemployed
49,98,847589.15,493993.38,17,5.9,9327434.91,831792.29,313,Self-employed
50,97,718975.53,988437.45,17,9.65,92698.21,692395.06,697,Self-employed
51,97,32763.68,293006.34,26,15.67,3582773.77,930727.1,382,Self-employed
52,72,88300.96,527434.91,13,9.69,2454445.31,967815.49,327,Unemployed
53,57,66490.68,102936.21,19,17.93,8418344.53,251868.61,381,Unemployed
54,73,660246.52,148650.12,9,16.26,32545.87,595260.31,384,Unemployed
55,18,536862.08,31185.89,13,0.02,2950308.47,675692.52,507,Self-employed
56,18,518498.68,427688.96,23,1.53,6575100.46,236288.24,322,Employed
57,19,409220.02,167335.37,22,3.67,2916150.07,249080.06,323,Self-employed
58,20,57776.48,471373.28,7,3.4,6677519.95,733742.65,435,Self-employed
59,98,779943.25,777048.57,21,3.99,7776210.98,519100.45,725,Self-employed
60,52,777968.45,199251.67,7,5.79,4812340.38,381985.98,465,Self-employed
61,84,180220.74,111415.05,10,19.75,8014183.92,467538.46,393,Unemployed
62,87,910685.33,835223.27,1,14.11,9401909.63,735598.09,556,Unemployed
63,95,197768.59,588089.67,12,8.48,8276213.39,506238.93,493,Unemployed
64,25,855075.11,693587.83,18,11.96,907305.98,286476.22,493,Unemployed
65,21,322540.44,454638.86,15,4.63,7973418.17,720422.12,565,Self-employed
66,70,667801.16,182409.11,6,0.61,1037885.61,15796.5,414,Unemployed
67,40,444974.55,745428.15,5,9.02,7788134.39,856575.03,449,Unemployed
68,22,724429.91,201167.26,16,12.93,8928811.38,68525.25,850,Unemployed
69,72,54301.39,674942.74,26,6.97,466631.9,217826.37,407,Employed
70,61,123542.61,246049.1,22,13.76,3598551.85,112088.04,589,Self-employed
71,65,661529.2,569209.54,16,5.92,222515.23,866464.28,522,Unemployed
72,76,432155.01,220358.21,5,4.12,6522812.97,73975.37,792,Employed
73,21,790605.19,816448.52,9,13.28,8197624.61,476710.19,346,Unemployed
74,81,519798.18,441438.78,12,12.34,8605903.76,690503.93,753,Employed
75,91,946867.66,870947.08,28,10.03,3026170.42,362052.95,606,Employed
76,52,516139.1,684488.22,21,12.52,95461.28,406722.9,314,Unemployed
77,66,996738.43,248391.65,8,2.69,5856639.04,303097.03,312,Self-employed
78,89,946172.24,992334.36,17,4.21,328424.24,84480.64,675,Unemployed
79,82,573928.77,47277.69,22,5.7,5761991.42,332532.47,824,Employed
80,23,379019.14,304420.41,30,16.75,9066499.12,254056.14,633,Unemployed
81,52,765712.23,41411.46,26,5.98,5157703.44,537780.51,714,Self-employed
82,31,424223.22,878164.53,22,5.86,707558.64,14353.97,467,Self-employed
83,89,974415.04,457361.2,29,0.78,7459993.87,31769.43,770,Self-employed
84,83,496111.43,586293.16,27,13.41,546551.17,953574.77,459,Employed
85,58,120828.68,402304.64,14,10.74,6576491.62,889006.59,448,Employed
86,72,655696.07,52532.64,15,4.09,9825691.43,383927.82,638,Employed
87,46,333917.93,259183.26,26,17.45,237879.28,909276.73,356,Unemployed
88,68,774724.85,47405.96,15,4.47,6182274.85,549689.17,641,Employed
89,100,434427.08,811377.9,2,2.86,8186778.28,954322.79,502,Unemployed
90,88,250773.27,818254.34,18,1.26,5353392.04,810157.67,481,Self-employed
91,92,276392.36,169774.23,7,11.4,100413.82,645306.24,660,Self-employed
92,85,262610.59,866006.1,7,2.41,935093.01,500737.86,756,Unemployed
93,96,435136.76,479818.65,12,11.09,4745730.56,341252.16,752,Self-employed
94,29,901647.76,144706.55,26,12.09,7569275.67,8381.43,384,Employed
95,28,505572.98,382062.53,25,5.71,6537356.69,246857.82,422,Employed
96,35,393578.92,78842.07,22,10.2,6787240.68,878161.39,314,Unemployed
97,80,98254.99,27651.17,21,4.42,2267141.84,166651.86,404,Employed
98,57,523307.1,982888.84,2,17.48,8034338.05,779880.72,824,Employed
99,80,123503.19,837032.96,3,1.95,2166601.87,928795.3,808,Employed
100,81,199234.28,646804.25,6,3.02,3457508.34,106247.33,644,Employed
101,54,961925.6,506512.98,4,12.36,3148419.3,411896,846,Unemployed
102,91,117731.07,644278.21,1,18.28,7784017.57,180286.53,767,Self-employed
103,90,828755.41,840969.52,24,9.38,6478374.6,372589.61,811,Employed
104,71,316200.14,780220.57,4,13.07,7781039.44,930415.82,425,Employed
105,63,309886.1,303851.28,29,16.14,1840268.8,853038.48,606,Unemployed
106,55,236478.52,724355.63,26,4.74,4146680.51,441995.85,587,Employed
107,70,247725.41,540791.56,20,6.32,3782834.29,73578.63,620,Employed
108,73,56302.71,761975.47,26,2.24,8476909.54,494511.77,687,Employed
109,87,686655.7,248501.28,16,7.67,688728.45,998982.26,314,Employed
110,31,765620.42,844387.31,21,5.86,6205804.39,966571.08,564,Self-employed
111,99,354150.95,93698.61,7,18.93,9325782.88,412980.91,690,Employed
112,57,521476.64,41973.22,8,2.37,7578267.69,270418.7,353,Employed
113,27,369823.95,968335.38,3,5.16,6220009.48,172229.58,416,Employed
114,99,675766.21,919071.24,24,6.93,1850125.68,540527.68,711,Unemployed
115,76,812831.39,259729.31,2,4.27,6834919.72,742129.66,800,Unemployed
116,27,4232.61,708460.43,8,13.54,560921.72,606996.43,399,Self-employed
117,63,487926.8,595618.86,5,4.84,710353.7,451818.11,827,Unemployed
118,45,454353.78,569115.76,29,15.58,3436684.05,87993.97,663,Unemployed
119,68,133329.98,426325.33,9,16.33,2607246.25,277995.07,354,Unemployed
120,77,282316.04,624076.77,16,11.21,147796.63,342645.21,723,Employed
121,89,12258.61,526890.02,24,17.34,71795.9,206238.75,847,Self-employed
122,43,738377.93,687254.48,1,10.53,7638784.74,180151.39,392,Unemployed
123,21,463331.5,907225.56,3,15.9,309580.66,404472.61,627,Self-employed
124,91,748323.55,57355.67,23,3.29,1259722.62,38506.2,508,Employed
125,35,238438.94,446838.28,23,20,3763968.65,690804.14,652,Unemployed
126,63,784332.41,116144.55,4,13.98,9541563.39,673100.09,694,Employed
127,35,795902.13,508787.51,12,13.48,539825.28,655123.49,320,Employed
128,85,730109.94,861625.27,27,5.81,4323106.97,221645.33,756,Employed
129,98,752159.45,127857.28,4,13.91,1410343.85,471840.17,704,Self-employed
130,92,192055.1,320764.69,14,6.51,9475243.76,605592.35,455,Unemployed
131,37,188614.4,865767.49,7,16.2,2661290.8,159814.82,788,Employed
132,84,889912.16,430444.96,17,6.1,6978630.13,435189,472,Unemployed
133,40,626957.59,108799.25,30,14.49,2221410.07,133566.08,789,Employed
134,50,461490.94,770810.1,11,8.75,3855225.83,455589.08,622,Unemployed
135,22,782032.65,890359.25,25,5.76,7319462.9,496480.11,585,Self-employed
136,79,700019.99,924271.92,25,9.18,8169242.48,449459.11,783,Self-employed
137,82,567444.25,419223.64,5,17.83,4464547.38,511812.79,327,Unemployed
138,67,716344.54,401738.68,14,4.45,9598366.86,503160.07,512,Self-employed
139,28,181604.11,685017.16,21,7.23,820899.54,280382.45,336,Unemployed
140,88,297668.91,51141.1,2,11.57,9236705.96,587789.29,412,Self-employed
141,32,68827.95,231155.49,17,17.19,3014266.77,971431.19,532,Self-employed
142,83,966998.63,220340.49,21,6.04,8625452.17,973781.52,503,Employed
143,42,192701.41,919330.07,12,13.41,4470656.14,420720.16,533,Self-employed
144,23,431564.63,579206.11,7,2.36,1015010.04,990113.6,848,Employed
145,79,391124.43,728705.6,6,9.5,4095099.51,949614.05,351,Self-employed
146,82,992552.85,256256.58,25,8.83,1809680.63,889143.48,313,Unemployed
147,63,940080.84,661106.57,27,17.05,3664664.87,239803.85,628,Employed
148,96,41658.23,778198.03,23,8.34,3267523.14,254991.29,466,Employed
149,46,948844.62,27566.43,30,13.81,3183562.24,99122.11,379,Unemployed
150,27,958841.78,603738.78,19,4.01,2142324.97,262355.06,843,Unemployed
151,63,283034.85,178689.21,18,6.23,764718.5,78725.48,395,Unemployed
152,26,522173.41,632654.51,11,3.73,8216180.11,520571.45,455,Self-employed
153,18,365338.92,107000.45,17,5.28,8640718.91,913450.88,631,Unemployed
154,84,795516,758686.43,6,14.98,367922.96,65541.55,520,Unemployed
155,74,740582.8,685731.09,19,7,8747469.34,436592.81,484,Unemployed
156,62,366002.34,547779.58,15,3.11,5854229.22,807728.32,462,Self-employed
157,63,747264.25,744381.28,28,8.89,172162.11,193493.98,685,Unemployed
158,26,646951.52,97730.68,3,16.77,9029068.32,348027.54,708,Employed
159,84,435386.21,238903.63,2,12.73,6092331.13,966915.44,464,Self-employed
160,24,265698.34,137907.22,14,4,9167386.85,989762.16,565,Self-employed
161,94,265813.54,291062.73,12,19.45,4447398.2,175078.79,336,Self-employed
162,23,7902.46,279201.31,25,8.86,8478023.68,660400.28,474,Unemployed
163,72,354074.76,309934.89,4,16.6,4492862.7,679097.96,627,Self-employed
164,98,32928.61,686040.41,17,18.25,9684698.11,864547.47,636,Unemployed
165,43,197402.93,243813.41,30,4.5,7106369.42,33878.13,702,Employed
166,43,625246.08,62631.62,24,18.8,2414941.39,568755.93,394,Unemployed
167,71,673083.8,366801.9,11,11.89,1843089.35,936817.45,456,Employed
168,71,821878.06,921178.62,8,14.21,7750438.3,315758.57,758,Unemployed
169,93,199626.92,91091.96,6,1.89,7770509.39,108348.73,752,Employed
170,32,359429.49,409993.84,29,2.69,7520057.78,779552.99,704,Unemployed
171,92,950109.62,681582.32,27,0.98,2337707.8,872506.18,338,Employed
172,82,372824.2,243593.8,14,19.49,3521921.29,458337.83,694,Unemployed
173,74,169517.07,558546.57,21,6.22,8154922.87,95798.8,742,Employed
174,65,781913.71,541675.06,21,2.48,3149389.84,932853.55,506,Self-employed
175,39,377659.37,928962.05,30,14.54,7336799.42,401625.93,551,Self-employed
176,63,446929.41,465753.91,27,7.9,5944627.95,813225.15,700,Unemployed
177,46,989560.12,883827.27,23,18.56,7322244.78,448782.43,502,Employed
178,36,255749.36,253597.07,2,14.92,9648633.59,660152.16,839,Self-employed
179,55,208240.83,567034.9,16,3.78,2976610.39,516960.76,827,Employed
180,85,843231.38,137137.72,13,13.79,8412514.46,265814.79,647,Unemployed
181,99,273998.4,97271.93,20,0.66,5655197.07,265466.68,592,Self-employed
182,94,413862.23,682965.51,8,19.21,6048315.24,180836.13,495,Self-employed
183,87,69197.72,867927.91,6,7.17,3040312.68,479466.96,778,Employed
184,97,440464.62,145316.06,13,1.54,927728.37,254765.99,495,Unemployed
185,94,415897.79,946912.82,21,12.14,5446304.82,305536.57,489,Self-employed
186,100,876508.12,610238.91,20,0.25,5745589.9,531403.69,850,Self-employed
187,80,14888.83,49625.8,21,2.16,8004390.15,992694.36,370,Employed
188,46,619624.93,559660.2,29,13.11,2434437.53,745866.44,303,Employed
189,73,126337.86,359486.32,20,2.65,7159626.41,409318.49,398,Self-employed
190,67,14661.57,106445.1,24,19.67,4155718.53,915827.67,758,Self-employed
191,76,606787.38,265535.42,23,14.35,1373072,574887.39,721,Unemployed
192,48,342708.42,376265.14,23,13.07,9576448.24,713184.92,577,Employed
193,73,457544.89,374479.32,20,1.11,3365321.91,370075.03,599,Employed
194,70,845736.3,566773.67,7,2.85,6689777.92,764751.76,794,Unemployed
195,84,108850.4,505348.32,6,1.38,6603478.13,797307.19,709,Unemployed
196,44,269334.68,968022.62,4,6.02,2592641.17,267850.49,409,Self-employed
197,99,94093.26,495084.49,26,9.39,8886956.31,275291.03,592,Self-employed
198,35,941760.56,687591.25,15,3.4,3864386.78,770584.54,847,Employed
199,55,474312.51,513027.96,18,3.59,2482797.16,311508.52,612,Employed
200,25,444183.43,766786.32,10,0.79,5933864.93,497644.63,694,Unemployed
201,79,158724.72,163888.51,13,5.25,9690444.34,831492.9,645,Employed
202,60,950298.33,648081.69,1,2.64,2206384.72,513190.52,487,Employed
203,63,661936.01,817918.5,16,17.87,6422562.58,495908.55,642,Unemployed
204,36,150392.31,602450.42,11,5.06,4883411.47,417756.87,427,Self-employed
205,49,379313.57,201537.75,1,9.06,2598307.58,24449.05,545,Self-employed
206,100,736263.15,5819.18,17,8.72,690417.01,489057.48,656,Employed
207,26,713722.89,178492.53,25,4.44,2992936.56,325578.8,327,Self-employed
208,53,485763.66,340882.86,9,5.16,26923.23,688440.29,430,Employed
209,97,554757.63,72883.57,14,8.29,4399863.83,516919.54,656,Unemployed
210,66,75103.64,152979.68,24,10.87,9851907.55,344564.29,579,Unemployed
211,61,963338.83,450545.19,9,17.81,8439097.18,117207.86,707,Unemployed
212,55,840549.18,67218.27,8,4.98,7287064.2,67111.23,687,Employed
213,62,791404.84,161273.3,23,6.12,4505717.56,167715.35,699,Unemployed
214,90,871203.26,74638.89,20,15.13,3815633.33,49083.64,562,Unemployed
215,48,326349.42,219368.88,21,4.27,2904810.68,700218.84,821,Employed
216,48,143087.73,684588.98,26,0.04,9012614.84,756032.99,391,Employed
217,93,538952.92,105038.19,18,2.44,1530677.06,85527.14,588,Unemployed
218,19,924194.76,570384.71,8,9.56,4637734.4,550814.08,543,Unemployed
219,92,198399.31,300039.3,20,19.15,964541.05,838740.28,720,Self-employed
220,42,643324.66,120731.98,12,9.05,7143873.81,73436.51,554,Unemployed
221,95,731006.05,622209.01,14,17.78,1207494.18,906701.18,321,Self-employed
222,82,341198.81,766224.42,23,11.52,5182757.11,813880.21,583,Unemployed
223,64,606356.73,186299.35,16,8.34,5513544.02,664063.13,585,Self-employed
224,55,654464.13,750092.55,26,13.55,3699306.6,584400.18,745,Self-employed
225,19,920657.37,741609.41,19,8.61,7759209.33,726715.62,767,Employed
226,63,369856.27,539279.39,16,17.89,8374492,208522.17,382,Employed
227,93,350311.14,884997.95,17,7.95,9600356,599079.09,409,Self-employed
228,37,363459.35,43862.94,4,1.03,6668363.74,16219.07,773,Employed
229,81,892930.55,540810.07,26,2.31,9552333.89,585841.29,341,Unemployed
230,19,497767.32,562842.79,25,8.94,4440723.64,860854.98,491,Employed
231,82,725442.3,552638.09,4,19.12,7752036.22,932738.28,498,Self-employed
232,44,443284.83,675256.99,10,6.69,6798734.42,254283.7,436,Employed
233,77,694364.85,146508.86,25,13.48,9349737.03,150336.74,592,Unemployed
234,90,437769.03,760893.98,30,1.67,3840687.44,311018.96,647,Employed
235,73,973692.75,503559.68,21,4.63,8400476.99,360013.13,316,Employed
236,72,907744.74,936321.81,9,12.61,7877237.71,610502.75,631,Employed
237,92,61763.65,247890.39,3,1.59,436637.98,400899.99,420,Self-employed
238,29,256885.35,95668.97,17,3.1,9063090.58,460631.78,769,Unemployed
239,79,432806.35,872519.29,14,11.99,3789996.05,827069.23,582,Self-employed
240,50,605654.75,524772.12,30,15.47,6240974,684486.96,779,Self-employed
241,47,364139.29,5122.2,18,15.8,7571982.51,268094.55,558,Self-employed
242,72,171558.32,626332.84,16,12.42,6221119.53,707962.43,757,Self-employed
243,42,779746.61,535124.08,14,17.25,3897765.8,12431.15,361,Unemployed
244,47,632564.68,142633.19,15,18.35,4964859.38,802143.22,363,Self-employed
245,59,710916.05,901185.81,29,2.95,506513.17,349088.21,786,Unemployed
246,22,821259.77,108689.45,17,1.16,3935540.31,57286.05,628,Self-employed
247,83,413945.28,89488.61,17,11.51,6472186.07,57781.08,534,Self-employed
248,58,855354.87,290024.61,13,2,5080758.24,849587.33,569,Employed
249,46,635090.03,430129.22,17,12.15,1953255.31,490919.82,653,Employed
250,74,198120.57,975285.86,18,13.1,4924827.84,706359.53,724,Employed
251,69,345243.83,630513.63,11,8.47,867233.37,258422.35,389,Employed
252,78,490614.41,306887.06,12,3.36,6828310.23,480455.44,623,Unemployed
253,57,795836.22,353747.73,11,10.81,9621821.29,546103.68,406,Unemployed
254,100,156841.58,665300.6,13,12.43,2209126.82,746405.73,659,Employed
255,67,153255.81,722504.54,2,14.58,4934276.43,272345.55,589,Employed
256,87,892995.55,656612.29,8,8.6,5652963.2,982130.87,350,Unemployed
257,71,348639.14,974335.73,7,18.15,3600123.38,51610,835,Employed
258,24,903953.03,265478.85,7,1.84,4342306.41,935076.63,673,Self-employed
259,38,868741.07,938459.2,21,1.83,4364359.33,736219.34,598,Unemployed
260,81,92622.19,376057.13,11,17.92,40473.93,600253.27,504,Unemployed
261,34,966838.83,316165.61,25,16.88,3029430.65,186041.15,684,Unemployed
262,22,779483.7,982244.27,18,15.1,9721086.82,913960.13,667,Unemployed
263,81,481745.48,337532.97,16,0.98,5063520.56,618439.5,791,Self-employed
264,68,302591.86,147668.67,1,11.61,2305216.6,601917.26,342,Unemployed
265,86,788974,508396.95,27,16.13,2396548.68,525804.14,620,Self-employed
266,69,984122.73,389685.22,9,17.15,6369149.76,398095.02,639,Employed
267,70,325549.71,64065.5,24,3.77,3523178.05,814492.83,613,Employed
268,88,165059.06,318495.62,26,13.38,3483403.14,370316.87,722,Employed
269,73,648248.44,439516.23,6,1.09,419161.28,545567.05,451,Employed
270,53,86593.98,975839.94,24,8.53,4905023.77,422295,402,Employed
271,75,73027.6,498639.73,7,18.43,3703820.51,659137.34,700,Employed
272,94,10766.93,427882.76,8,8.4,795918.94,677206.52,711,Unemployed
273,86,71607.2,923361.71,25,6.65,2956103.4,23525.13,630,Self-employed
274,31,164512.26,14952.32,8,0.15,7121730.43,843882.89,649,Self-employed
275,63,649764.2,722597.95,1,18.63,7371365.61,306045.99,585,Self-employed
276,78,643538.5,501430.96,28,11.19,814633.6,518177.41,714,Unemployed
277,72,762077.48,637071.56,3,3.46,5308011.78,262617.41,794,Employed
278,37,186376.61,207537.92,14,1.35,4562571.88,392977.53,778,Employed
279,79,722665.4,761173.41,19,9.94,4408523.83,992826.79,794,Employed
280,63,243218.11,328031.09,21,8.32,4689172.33,542669.94,581,Unemployed
281,63,156322.96,418403.06,28,11.12,4526668.21,275540.44,326,Unemployed
282,86,460970.51,778615.87,27,11.06,7985330.31,984806.24,669,Self-employed
283,40,779650.98,278338.11,24,3.14,1986533.2,188767.67,824,Employed
284,77,392940.67,183232.11,21,2.22,6834443.65,700241.98,849,Self-employed
285,78,335686.23,463047.92,5,12.76,3783546.17,827215.14,714,Self-employed
286,87,139786.75,260040.61,22,11.13,4162929.6,482565.48,663,Employed
287,83,555484.2,416345.12,9,12.25,8271641.01,403010.19,537,Employed
288,25,496359.07,636090.42,19,19.86,7021406.39,267284.44,311,Employed
289,30,381136.53,718197.46,4,7.32,3552247.66,351909.08,374,Employed
290,96,742458.09,822859.86,28,14.31,4285305.99,542533.12,316,Self-employed
291,95,904633.68,685900.11,15,11.85,4588473.34,175862.41,552,Self-employed
292,43,181701.01,409517.54,24,2.77,1536498.55,696895.01,830,Self-employed
293,32,996472.2,970184.76,16,3.64,2710576.83,964816.84,389,Unemployed
294,68,20990.32,305957.08,28,19.25,7476961.7,973474.15,564,Unemployed
295,66,796413.62,763826.85,23,9.54,1317919.05,657599.79,468,Employed
296,47,131132.67,629253.64,29,11.96,879918.1,518380.64,360,Employed
297,77,852219.03,26344.06,26,6.46,985848.13,396993.37,361,Self-employed
298,23,540408.68,285647.83,6,17.89,640835,114987.5,817,Unemployed
299,87,268088.2,429204.7,7,9.1,6107326.9,33109.06,709,Unemployed
300,67,208812.41,914898.68,3,9.28,8104317.88,488611.83,542,Employed
301,55,935096.23,515093.02,4,17.15,5559038.66,486448.69,622,Unemployed
302,57,631458.02,287575.91,6,3.31,3818284.81,195609.47,542,Self-employed
303,78,544754.83,483652.23,28,2.01,8712267.56,679267.01,371,Self-employed
304,62,121596.53,380228.09,4,12.9,8018381.48,967286.78,847,Employed
305,37,723760.09,845486.75,19,12.21,7170976.79,816518.33,372,Unemployed
306,83,651263.99,605348.41,7,16.58,5488658.89,266876.8,330,Self-employed
307,93,638652.7,160982.07,4,14.58,4836444.58,756560.18,349,Employed
308,99,464308.23,70687.69,22,17.85,9374630.43,124989.18,612,Employed
309,85,476918.16,65563.8,19,17.89,9346144.98,632398.08,619,Employed
310,19,238512.07,174212.68,24,9.87,1942308.55,156277.53,741,Employed
311,26,83520.85,30029.82,2,7.99,2853718.88,875078.34,583,Unemployed
312,35,520403.13,431524.76,13,4.7,9124967.17,572711.65,697,Employed
313,19,808598.5,354677.97,13,9.18,3042608.83,233367.09,441,Employed
314,76,946080.35,239825.24,8,8.01,3128963.75,899112.27,424,Self-employed
315,69,529599.65,592565.44,3,6.23,7155277.73,618763.59,789,Employed
316,73,46607.04,415164.34,17,17.73,1217866.05,733667.63,308,Self-employed
317,33,701385.38,476609.04,26,1.4,791955.57,226213.8,305,Employed
318,41,509418.67,918798.45,19,12.45,8835778.14,657685.84,710,Self-employed
319,67,994880.9,286810.21,23,16.33,5108770.78,687337.02,338,Self-employed
320,63,364631.88,781560.67,29,17.99,8795944.19,866347.64,727,Self-employed
321,60,768352.57,183459.39,3,17.44,108417.15,382481.83,603,Self-employed
322,40,751787.09,397746.79,29,10.84,2145658.82,996549.78,795,Unemployed
323,40,798902.9,283021.99,25,15.45,7261189.93,981037.93,330,Self-employed
324,79,729760.25,512130.78,21,15.16,1779477.4,111802.7,835,Unemployed
325,90,115605.33,848639.06,5,9.01,8312236.29,634858.78,850,Unemployed
326,39,141577.93,780868.67,11,10.6,3739702.98,167596.85,380,Employed
327,74,442293.38,214929.7,23,17.9,7731232.29,919956.84,701,Employed
328,79,966644.68,377762.94,27,2.47,1276174.99,646591.29,773,Employed
329,81,437336.72,631959.64,18,16.14,6748152.63,625473.41,420,Self-employed
330,36,407274.24,119530.63,23,17.91,5117714.48,117133.96,849,Self-employed
331,30,684553.39,509904.73,9,14.32,9854140.07,72249.51,693,Unemployed
332,61,111653.17,951811.39,26,1.21,5209176.74,247111.18,619,Employed
333,52,706135.92,675941.29,3,11.24,7250798.87,369100.2,303,Unemployed
334,94,492268.71,533384.21,7,3.11,4534482.41,926414.35,452,Self-employed
335,88,169355.13,134718.67,20,18.03,9614216.42,353394.38,589,Employed
336,71,871798.21,568937.38,25,6.15,5936356.87,246796.96,690,Employed
337,32,735061.11,340759.27,2,11.08,622227.13,271949.22,366,Unemployed
338,29,315149.81,137213.41,28,18.29,5373763.84,282518.59,435,Employed
339,28,318489.62,14576.8,9,15.94,8981201.51,473272.7,813,Self-employed
340,60,527075.12,997510.41,22,12.91,6711798.35,172216.74,703,Employed
341,79,267920.17,808972.05,11,4.12,9603623.46,2510.03,787,Employed
342,87,197709.38,916906.13,24,14.74,636663.34,469086.07,413,Unemployed
343,92,507812.72,117053.74,11,0.25,6762911.92,646754.51,686,Self-employed
344,84,928557.5,845037.77,24,1.41,6850636.44,603879.19,737,Unemployed
345,25,399498.94,490089.92,12,9.68,6437156.46,58650.44,547,Self-employed
346,87,647820.92,458055.88,26,6.47,8247257.16,210762.31,602,Unemployed
347,52,651113.81,586409.1,28,4.32,6514539.71,632097.29,408,Self-employed
348,91,11856.64,223141.02,8,16.51,5809099.03,790756.6,445,Unemployed
349,61,690123.09,754530.11,27,17.55,3252695.78,289733.5,744,Self-employed
350,64,641727.09,698472.02,3,0.48,8486843.94,507584.99,401,Self-employed
351,46,738079.74,118137.13,13,12.69,3487487.97,946391.04,821,Employed
352,85,738286.79,924282.15,9,6.65,3113100.39,20624.37,800,Self-employed
353,28,29002.25,553545.76,30,12.79,1755209.86,395877.17,382,Unemployed
354,75,251617.71,261089.46,15,1.1,8180255.35,253986.61,827,Employed
355,87,532549.8,740528.76,11,0.24,6292242.44,129838.08,636,Unemployed
356,77,747366.47,177452.68,19,5.74,82187.89,390881.15,787,Self-employed
357,60,466.58,929448.63,14,5.41,3297716.7,346243.87,355,Self-employed
358,22,33534.11,761270.74,23,4.68,9962794.71,182496.81,696,Self-employed
359,65,191704,825882.37,5,13.55,5712615.09,196981.49,642,Employed
360,94,578237.37,403884.94,4,17.8,7672935.64,226162.09,502,Self-employed
361,31,471346.77,706415.62,13,19.88,9544002.53,838185.55,463,Self-employed
362,63,179740.77,735157.05,1,3.23,6047371.92,142028.81,448,Employed
363,59,130005.27,455910.82,24,7.62,6389467.01,969271.09,642,Unemployed
364,92,691433.06,672419.24,1,16.07,7221153.21,524919.84,773,Self-employed
365,93,501977.76,727682.93,5,7.73,5395641.87,341716.72,583,Unemployed
366,45,15858.65,676467.92,14,10.14,9841922.39,458313.54,468,Self-employed
367,59,243103.25,242108.48,14,18.62,6299140.41,414990.29,717,Employed
368,89,953417.64,318265.02,9,14.62,3657997.17,760686.88,571,Employed
369,24,836101.55,326216.42,26,8.86,1465435.94,712580.2,642,Unemployed
370,33,834819.58,959317.03,22,19.88,6078240.88,245641.31,779,Unemployed
371,56,654926.6,386422.68,21,8.05,2279244.7,2234.92,474,Self-employed
372,39,886073.85,418286.63,24,17.07,1558120.54,365737.61,441,Self-employed
373,39,864544.71,706765.64,4,15.12,406055.95,686465.8,772,Unemployed
374,53,566147.38,223506.46,24,13.1,642806.12,935895.74,374,Self-employed
375,98,254343.78,126292.54,14,16.05,1970258.94,887828.34,698,Unemployed
376,56,810861.88,715645.39,7,3.54,4395244.24,792872.25,644,Employed
377,58,855074.88,713878.87,11,13.51,5793765.96,970608.31,368,Unemployed
378,87,725061.28,583017.82,25,9.39,9413688.19,538913.4,372,Employed
379,68,537121.12,833669.08,6,13.4,2212083.43,794107.17,625,Self-employed
380,91,173978.2,654166.43,15,18.8,9632420.19,603604.88,339,Employed
381,46,866516.5,168106.43,5,6.81,3020304.25,414805.71,559,Unemployed
382,25,540114.92,929411.79,7,1.25,1276662.07,575956.75,518,Employed
383,59,679653.93,242714.16,7,6.54,3844220.53,680795.7,392,Employed
384,19,751765,598557.88,4,17.18,701903.94,574330.62,415,Unemployed
385,87,84253.93,602878.3,7,17.69,8389431.83,801045.62,474,Unemployed
386,19,449369.42,277321.06,16,17.53,3101695.82,174697.54,451,Unemployed
387,58,612174.24,890284.9,3,13.06,7549533.18,585697.72,370,Employed
388,49,15981.8,489257.47,21,9.11,2642825.55,952105.91,690,Unemployed
389,86,634681.29,580089.43,20,1.18,6964532.61,188945.44,469,Self-employed
390,39,24934.27,252126.67,26,3.89,1602360.25,355390.75,314,Unemployed
391,25,786241.41,732480.19,29,9.94,731374.37,819946.33,509,Self-employed
392,58,381081.92,851899.05,4,19.9,2197970.75,599099.78,815,Unemployed
393,72,415365.32,172109.49,26,4.08,2819829.48,546584.26,687,Unemployed
394,65,655102.02,298912.97,16,13.7,2850196.52,390451.28,351,Self-employed
395,35,129826.2,40982.93,4,5.7,5459989.02,767616.5,636,Employed
396,46,513747.46,332645.06,24,3.16,9439259.35,240485.37,768,Unemployed
397,19,517147.64,288203.74,11,2.13,2582755.39,937871.54,387,Unemployed
398,81,11348.25,119896.43,7,15.31,6098719.61,724370.89,835,Self-employed
399,52,19340.34,110103.77,14,8.69,3008457.04,379503.45,519,Unemployed
400,63,379107.27,637549.09,20,12.74,5377423.24,14689.4,494,Employed
401,93,704817.26,737023.97,1,6.15,7010498.58,432837.82,558,Unemployed
402,93,386991.43,296483.22,21,7.89,5455055.23,187637.47,849,Employed
403,45,72819.35,551262.21,28,12.76,8750554.77,489151.2,390,Employed
404,30,35132.62,837329.53,29,6.31,8328686.45,289077.8,672,Unemployed
405,89,588940.53,864704.28,17,14.17,7261287.84,549871.78,809,Employed
406,31,120107.65,853655.84,22,1.89,4969965.79,697546.34,316,Unemployed
407,45,129655.55,763133.98,1,6.93,3494703.58,109624.31,752,Self-employed
408,54,211098.58,551621.28,1,12.89,7741643.76,868268.54,762,Employed
409,61,716797.75,121518.64,9,11.27,8944967.82,807352.16,474,Self-employed
410,77,393575.7,340994.92,7,4.1,8783077.47,169699.06,633,Self-employed
411,48,463705.44,84340.9,8,3.64,8831377.68,806734.3,614,Self-employed
412,38,383089,365149.37,28,10.69,2317004.52,615361.92,441,Self-employed
413,87,555719.01,3789.64,3,13.31,3470223.99,901752.17,730,Self-employed
414,48,326681.01,286828.02,15,11.61,7351715.94,172137.85,432,Employed
415,19,812197.6,935638.34,19,5.54,5905580.68,954100.45,413,Unemployed
416,48,125856.3,529015.19,15,12.05,1842850.84,183205.88,666,Employed
417,58,565919.07,771263.86,23,11.49,1838856.01,574055.12,426,Employed
418,22,856250.8,627889.33,12,6.08,3362731.76,269202.99,591,Unemployed
419,29,701943.03,669109.88,26,11.51,5164682.96,157741.21,819,Self-employed
420,43,92788.31,869609.67,8,1.11,3026680.71,564951.8,580,Self-employed
421,82,755803.33,245630.85,3,9.91,4762095.29,770128.08,371,Self-employed
422,54,212920.64,512936.16,19,7.39,6160670.51,432006.12,650,Unemployed
423,59,429059.29,796651.12,12,2.77,2360095.96,257193.41,514,Unemployed
424,22,139688.77,976664.67,12,3.65,2479979.43,107350.11,451,Unemployed
425,98,152852.12,670283.41,15,0.1,5396205.23,882371.82,825,Employed
426,44,645381.36,64068.83,24,12.4,7157453.99,774180.85,476,Unemployed
427,66,993283.38,190548.28,8,16.55,314832.85,249378.24,356,Self-employed
428,51,235207.08,908067.07,23,2.47,365374.83,970483.61,357,Self-employed
429,23,779522.53,474363.67,14,15.84,270450.27,770437.7,775,Unemployed
430,80,424998.88,299260.76,8,9.27,3137682.05,161266.35,405,Self-employed
431,72,636561.35,411692.24,15,7.55,8426408.3,472123.29,450,Self-employed
432,38,16975.72,374330.33,22,11.45,4386417.09,951000.89,745,Self-employed
433,60,556215.43,317543.22,3,1.11,4935459.63,122377.06,348,Employed
434,30,153991.64,935609.49,13,9.96,7480326.42,387456.85,620,Unemployed
435,73,86667.49,651437.24,1,11.1,8617957.46,897384.7,491,Unemployed
436,72,520562.84,389675.78,20,12.54,3331057.96,914050.24,309,Unemployed
437,48,862658.98,480908.16,10,15.85,9059959.13,832978.49,471,Self-employed
438,85,731364.16,88934.22,20,18.23,3113584.37,953510.34,349,Employed
439,91,716235.5,428393.3,15,14.79,2167319.02,71053.45,481,Unemployed
440,90,381530.89,415550.38,24,17.89,1258011.66,673963.37,609,Employed
441,56,590214.01,254241.64,24,8.09,6747639.11,284827.41,694,Unemployed
442,63,191561.36,780843,2,18.01,4840705.21,563242.94,557,Unemployed
443,46,240585.29,985984.5,10,16.34,9243485.26,654925.12,681,Self-employed
444,35,144851.73,123075.74,1,12.05,5725364.84,453612.8,716,Unemployed
445,44,580578.86,16680.71,12,13.83,6616176.37,512332.51,553,Self-employed
446,45,91424.06,593996.75,25,6.8,7817248.75,479629.69,316,Self-employed
447,92,367968.83,762138.95,18,6.39,9118609.35,631833.79,371,Employed
448,96,52059.58,120799.56,3,9.82,638537.32,130830.48,683,Self-employed
449,41,32739.24,541434.74,5,8.12,8583521.28,333583.97,654,Unemployed
450,18,753849.57,775830.98,11,0.1,9939795.16,437418.93,486,Unemployed
451,61,839757.88,567834.2,9,7.89,4407792.05,292850.76,777,Employed
452,89,638655.24,876619.25,2,9.02,8706589.91,541340.44,828,Employed
453,100,707913.55,517454.64,8,6.51,9918419.1,530758.68,662,Employed
454,41,735266.48,473935.84,12,14.59,1745390.08,327951.29,667,Self-employed
455,98,418541.35,932085.27,23,6.24,2572309.28,673925.11,834,Self-employed
456,23,609588.78,763918.31,29,8.35,1010460.34,608773.41,571,Self-employed
457,48,102503.95,854508.68,7,2.04,6806454.69,315520.85,395,Self-employed
458,79,249912,690995.77,11,5.06,4930382.61,327327.97,591,Unemployed
459,68,479619.09,559305.43,27,12.94,1332096.85,714642.33,329,Self-employed
460,34,127382.28,971866.98,6,5.51,5929552.95,385100.44,521,Self-employed
461,21,928862.17,162613.79,14,2.84,9351627.75,964855.1,679,Employed
462,65,662286.06,162914.39,20,17.63,7139596.2,856674.12,512,Self-employed
463,22,200575.13,222279.9,9,10.44,2889202.4,522278.58,398,Self-employed
464,46,200507.8,658832.41,27,14.1,9546944.5,148318.02,738,Employed
465,77,141042.3,229023.08,28,4.6,7495852.33,550820.85,510,Self-employed
466,28,12983.31,918396.62,9,1.62,7313842.7,594963.83,471,Employed
467,55,349816.51,256314.32,24,11.36,8422913.81,363813.97,840,Self-employed
468,42,504782.56,186483.58,13,10.75,8841147.32,376508.61,415,Self-employed
469,89,596918.88,423957.6,5,14.83,557886.33,893533.93,841,Self-employed
470,49,428072.51,154402.15,20,13.46,1914894.23,62930.22,806,Self-employed
471,81,598929.49,779528.79,21,8.69,4354278.91,857473.06,815,Self-employed
472,74,594276.7,432033.2,3,2.16,6407293.09,366168.36,576,Employed
473,49,517856.65,898940.84,27,0.26,6902675.48,310668.06,312,Self-employed
474,94,50420.34,684497.62,13,11.3,4766222.24,612203.65,808,Employed
475,79,344301.49,252154.82,20,1.38,4212033.01,724076.45,333,Self-employed
476,58,664143.3,830147.61,26,14.61,666295.45,859970.46,564,Self-employed
477,39,122522.31,627040.44,6,3.65,5188377.66,979081.29,441,Unemployed
478,54,905795.11,31444.52,10,14.86,3417743.75,476123.65,406,Employed
479,44,59396.59,271625.72,30,16.76,3969616.39,518351.02,301,Self-employed
480,37,475903.85,887906.96,11,4.74,328048.41,788481.17,678,Employed
481,92,679513.77,900679.75,17,19.66,8083925.22,535233.31,576,Employed
482,56,135895.33,561236.41,21,16.09,2164910.9,874097.83,746,Self-employed
483,98,236611.51,783139.55,12,8.41,8134095.84,785871.27,774,Unemployed
484,87,849757.38,89094.71,19,11.57,9315980.54,151794.83,339,Self-employed
485,86,270768.31,849408.29,12,14.16,271032.26,463519.53,630,Self-employed
486,64,575689.41,388742.72,25,8.11,6254277.32,883556.07,409,Unemployed
487,95,268319.95,287765.96,3,10.94,3832632.05,352244.84,402,Employed
488,88,249079.54,95549.16,17,8.27,1618960.32,52348.38,768,Employed
489,49,511736.15,712052.71,23,4.3,4366773.87,34457.79,334,Self-employed
490,42,896030.49,756247.27,20,14.85,9530589.2,418559.45,444,Employed
491,35,606206.3,757700.52,8,10.17,920131.12,305590.42,443,Employed
492,44,457073.02,254102.96,2,9.05,682977.27,292981.77,711,Self-employed
493,59,59406.85,312915.32,17,12.08,7695048.97,338035.29,328,Employed
494,22,381669.4,711710.82,22,7.82,6788940.5,478093.35,555,Unemployed
495,36,577658.31,132032.77,2,19.68,8305923.31,430850.56,374,Employed
496,43,28279.91,793402.73,21,19.81,895150.11,643136.25,828,Self-employed
497,25,300892.42,636991.85,29,8.11,6574753.17,206081.01,463,Employed
498,64,159673.86,638041.75,29,1.14,45035.27,497764.25,831,Self-employed
499,55,182577.42,82773.41,4,19.57,1687969.42,201807.12,713,Unemployed
500,75,607666.65,511991.65,22,15.82,534876.4,290358.68,348,Employed
501,61,95082.68,379662.7,23,13.88,6520410.08,351882.9,494,Self-employed
502,31,118630.56,246282.83,17,6.89,1967717.15,698279.81,308,Unemployed
503,52,27181.39,152612.32,10,8.81,5441106.99,684182.46,578,Employed
504,67,270383.98,345022.72,2,9.68,3627423.29,835783.14,705,Self-employed
505,78,451991.71,479768.76,5,9.67,3109255.13,835573.79,337,Self-employed
506,63,701469.63,49770.04,14,11.16,3462411.88,139393.03,824,Employed
507,47,39589.48,369993.91,18,10.07,8694263.64,972355.07,484,Employed
508,75,713872.88,502250.38,8,14.77,8586739.76,903761.5,715,Employed
509,27,349439.63,969819.92,14,3.31,3966783.87,98156.17,841,Employed
510,79,981302.95,269398.16,11,4.95,6237860.67,388383.97,847,Self-employed
511,95,850155.26,129957.81,10,14.94,4428694.06,829088.11,443,Self-employed
512,47,226017.98,628145.43,3,3.49,6669604.6,421988.76,304,Self-employed
513,44,905633.4,574617.15,6,12.95,2237354.19,610215.56,409,Employed
514,89,156921.41,469678.5,16,0.75,802753.03,85846.27,332,Self-employed
515,76,857000.31,702419.75,12,3.68,5298536.71,500545.45,365,Employed
516,59,230269.89,284830.31,17,8.17,9357013.23,113267.46,607,Unemployed
517,48,767992.36,705891.31,10,1.47,3707952.06,787230.14,731,Self-employed
518,28,913872.17,309898.44,14,5.53,9681790.31,780071.11,725,Self-employed
519,99,188212.13,421236.93,23,18.05,375128.76,370043.14,799,Unemployed
520,42,532584.36,327630.59,21,5.86,6451586.52,287680.51,575,Self-employed
521,45,887749.92,890224.56,4,11.92,378947.34,798826.17,493,Unemployed
522,61,620999.26,510509.14,2,13.76,2351297.39,229077.95,319,Unemployed
523,47,385389.71,554755.45,13,4.66,8886172.36,860944.47,336,Self-employed
524,72,20602.12,184073.7,29,11.21,8504738.53,650001.89,706,Employed
525,50,714664.99,615244.78,6,2.31,8191941.59,462750.9,607,Self-employed
526,32,389401.15,704783.1,21,3.5,3082871.02,737009.94,809,Employed
527,29,83917.87,316993.72,4,10.99,1634316.27,909394.44,850,Unemployed
528,90,391078.59,601464.03,26,13,5196470.2,904159.83,637,Unemployed
529,29,611261.44,742954.41,13,5.59,485646.23,24703.24,621,Employed
530,86,147405.63,152559.67,25,17.32,8932020.79,821221.73,480,Self-employed
531,91,283171.77,773006.72,21,10.76,2048907.8,12740.99,603,Employed
532,33,393411.16,995097.55,4,16.73,3048313.57,600253.2,789,Unemployed
533,95,713305.14,375570.98,5,15.23,6484628.35,517659.11,482,Unemployed
534,42,795593.86,937599.62,13,1,5191507.12,55854.72,453,Employed
535,93,637.97,335467.56,20,16.98,7341272.29,354694.91,610,Employed
536,68,598124.88,194955.58,16,1.56,9645005.74,331092.81,369,Unemployed
537,81,712372.78,910279.56,19,6.07,8780995.85,610084.41,778,Unemployed
538,52,890719.79,788893.16,13,19.7,8161523.1,165093.07,596,Employed
539,86,992026.33,934417.26,18,14.85,5232773.57,899037.14,588,Employed
540,88,624936.94,508011.33,4,7.18,9206722.09,213809.66,690,Self-employed
541,25,51348.83,708214.17,27,8.31,471101.26,700449.81,501,Unemployed
542,69,719811.63,187748.54,3,9.78,1383197.16,185379.98,602,Unemployed
543,58,795900.4,279963.53,4,0.05,864397.18,346658.33,821,Employed
544,40,314027.21,516279.34,2,17.11,7580704.22,941712.7,325,Self-employed
545,43,657449.07,652534.18,1,15.33,9129477.24,728438.35,399,Self-employed
546,35,230213.4,587174.39,24,0.92,8389280.65,674247.56,430,Employed
547,50,526199.07,516533.93,3,15.51,3243687.66,898946.93,765,Unemployed
548,56,857115.07,337087.59,20,16.44,9485497.1,912465.27,510,Self-employed
549,19,328429.48,351722.43,30,5.39,592929.94,47524.69,583,Unemployed
550,94,251146.7,258703.51,4,12.43,940226.33,913405.17,827,Unemployed
551,52,514222.57,984496.28,6,16.55,3958300,630138.5,691,Unemployed
552,41,385628.17,819207.56,15,19.28,2908664.98,827.31,790,Unemployed
553,73,477694.01,181748.72,18,16.54,9486555.55,339216.64,327,Unemployed
554,74,3595.75,440214.06,19,4,9355324.07,586817.16,425,Employed
555,77,866255.11,148298.36,4,12.15,239516.83,961224.76,407,Employed
556,76,624742.31,518256.96,20,0.89,6252350.13,514941.32,749,Self-employed
557,50,104942.65,647526.31,13,19.14,497853.6,854350.04,512,Employed
558,47,359079.29,47833.26,8,12.4,8417874.91,658827.27,582,Self-employed
559,67,506168.99,95329.59,11,14.75,9957114.49,627553.76,444,Unemployed
560,29,716658.24,706559.49,1,10.06,5482678.43,69140.18,438,Employed
561,58,3044.16,250847.11,1,7.16,6930281.45,690773.61,839,Employed
562,62,296138.76,598997.13,3,0.44,3449562.17,711441.46,514,Unemployed
563,24,68125.46,37753.37,25,13.35,5104430.95,570.35,648,Unemployed
564,96,356567.18,992068.08,4,2.54,6921158.57,894775.81,593,Self-employed
565,66,142567.85,625043.23,4,1.77,3625137.77,666862.3,747,Self-employed
566,38,200778.51,91628.14,11,16.5,6967029.45,515321.97,361,Employed
567,45,662267.06,626120.2,6,8.3,1473888.05,214830.48,508,Self-employed
568,66,278016.19,149184.59,30,2.58,6018615.71,493240.67,337,Employed
569,31,299321.86,364807.02,10,8.41,5746246.46,346922.76,379,Unemployed
570,32,316311.35,242524.09,20,13.74,3320980.29,358173.24,818,Employed
571,95,797490.17,977918.07,3,1.03,7975393.9,807589.06,709,Employed
572,18,294909.43,705429.84,29,4.76,1003687.61,320563.11,633,Self-employed
573,76,934773.86,717837.36,26,14.14,7686700.98,909941.32,470,Unemployed
574,89,813677.96,346377.78,7,15.87,4955862.57,455507.22,757,Employed
575,93,857434.74,30692.2,7,8.01,4659961.1,187134.71,690,Unemployed
576,36,501312.1,883276.84,7,13.37,4268997.46,631693.41,740,Unemployed
577,59,964260.32,215507.65,17,14.41,8719956.42,176729.63,651,Employed
578,43,754754.69,232415.16,28,2.28,8150798.37,433377.34,493,Unemployed
579,93,187027.91,772563.85,25,13.29,1471927.47,403154.06,350,Self-employed
580,100,954143.82,594350.1,5,7.77,1725548.01,255660.17,704,Employed
581,84,755449.72,439087.62,13,8.21,2492582.43,200096.24,365,Unemployed
582,87,562981.11,395603.71,1,11.97,7304630.6,725682.8,647,Unemployed
583,80,977014.11,190750.64,12,18.39,6105756.04,393355.72,456,Unemployed
584,64,469655.76,734351.91,5,9.27,8316233.91,829804.62,313,Self-employed
585,27,615693.37,500346.49,28,17.36,3328117.34,615303.06,485,Employed
586,71,909716.66,449836.27,5,1.37,9115323.37,890059,307,Employed
587,24,942018.65,822094.84,19,18.68,5382723.3,463679.12,395,Employed
588,89,754016.2,675233.94,23,11.21,1884809.25,855959.8,561,Employed
589,60,340507.4,852579.03,10,8.33,8929696.49,48502.43,669,Employed
590,71,654513.69,736067.67,20,12.03,4017782.29,229372.43,831,Employed
591,92,675008.87,598757.9,26,9.85,7014961.52,248779.85,447,Self-employed
592,19,263248.54,408535.78,19,14.05,3930981.5,667940.23,308,Unemployed
593,19,138680.43,64443.72,1,8.06,1769173.61,886789.34,496,Employed
594,47,613147.83,893983.73,17,17.41,8540138.05,316577.18,484,Unemployed
595,28,362482.11,214023.4,23,16.89,3378504.44,169914.92,334,Unemployed
596,83,304703.05,126392.17,11,15.04,6795833.03,375404.41,810,Employed
597,53,328900.33,419869.14,5,16.82,9231459.79,497790.7,370,Self-employed
598,20,879913.61,798838.63,8,9.39,8596673.63,165682.15,506,Self-employed
599,94,49539.37,263838.02,17,11.44,1831784.08,614367.25,368,Employed
600,54,411317.62,985603.03,22,16.14,9151499.53,780038.89,679,Unemployed
601,22,348593.72,884662.04,23,5.58,9773523.15,519865.49,730,Unemployed
602,68,525594.21,10700.66,26,2.18,2788374.3,686006.1,413,Self-employed
603,94,721130.28,732461.3,20,8.99,5819767.91,998031.73,441,Self-employed
604,77,621228.63,392263.67,18,12.51,1736496.98,872348.21,380,Employed
605,52,115910.1,525894.11,17,19.95,7447690.79,793312.26,491,Self-employed
606,68,850808.73,331162.74,15,16.43,2356198.44,400861.95,582,Self-employed
607,20,179123.26,6198.6,11,2.78,2151153.23,604785.41,313,Employed
608,81,989654.45,319750.97,29,0.58,4581979.4,887200.48,780,Unemployed
609,24,579259.04,991089.37,26,8.8,8237733.39,74589.22,735,Employed
610,96,942760.07,44552.68,27,0.34,5576241.02,827616.2,617,Unemployed
611,56,740143.59,845455.83,11,0.44,732662.11,470978.56,483,Self-employed
612,97,915961.55,971871.5,11,17.06,7162211.51,999684.08,549,Employed
613,33,536048.39,541125.28,16,5.06,3758900.44,773416.88,632,Self-employed
614,84,236154.23,216510.04,12,16.74,329500.27,149900.39,350,Unemployed
615,38,316278.39,466843.12,25,3.73,9386295.14,324348.22,347,Self-employed
616,68,718247.17,908166.22,22,1.34,5778830.7,436266.15,337,Self-employed
617,100,898648.87,616836.17,29,14.17,4341945.21,526739.84,532,Self-employed
618,66,950634.92,734215.64,19,15.99,3276213.91,371411.6,405,Self-employed
619,20,83392.39,866103.31,17,10.85,5870275.31,622539.62,815,Self-employed
620,65,802663.87,779153.27,1,14.58,9510968.35,157631.63,620,Employed
621,30,770363.86,361575.13,4,5.03,5242480.84,261917.7,835,Self-employed
622,33,722280.57,474053.29,26,16.17,7325727.1,696229.48,323,Self-employed
623,97,732989.57,861288.49,1,8.85,6382301.42,912306.02,549,Unemployed
624,99,490962.98,947187.51,22,19.74,644931.92,495373,386,Employed
625,59,24058.15,415800.91,25,17.37,8949740.63,921209.36,348,Unemployed
626,39,276264.58,599675.14,7,15.29,1533413.1,8217.09,770,Unemployed
627,42,88075.58,861199.75,23,14.62,3169625.06,42978,637,Employed
628,59,965152.92,150225.04,10,3.15,1081512.75,432579.09,436,Unemployed
629,26,325762.47,936412.22,11,9.96,7961056.21,319543.93,433,Self-employed
630,40,103487.93,378637.82,18,5.63,5789615.95,125351.38,767,Self-employed
631,31,514758.78,494570.93,11,10.38,2930066.34,733306.82,637,Employed
632,70,631902.68,299380.5,5,17.18,3965700.31,288982.93,443,Employed
633,31,856553.87,557840,15,3.32,2613038.13,711114.69,745,Employed
634,83,583392.13,621220.74,30,12.48,8582730.83,412962.09,435,Unemployed
635,59,689593.56,401547.97,8,15.59,6673232.03,456437.71,331,Employed
636,76,70799.61,817374.78,24,2.52,9187578.26,944817.48,434,Self-employed
637,26,64930.49,39178.31,24,15.69,9023296.93,823318.61,434,Self-employed
638,34,308091.42,323559.02,14,10.23,6821966.35,210886.96,377,Unemployed
639,80,156453.24,36433.1,10,2.64,2358049.38,862371.78,589,Self-employed
640,94,394347.84,759355.82,22,2.04,1922259.3,208361.96,580,Self-employed
641,38,46751.13,624538.62,20,0.56,7089097.47,308486.37,708,Unemployed
642,28,269838.99,416758.64,18,15.24,2544899.49,571841.92,705,Self-employed
643,29,204845.99,137967.02,8,19.24,3992213.84,79284.26,318,Unemployed
644,74,27199.34,35360.56,18,12.48,3331163.94,896296.9,792,Unemployed
645,94,763055.18,218391.92,8,3.74,360269.36,861967.31,690,Employed
646,53,752549.24,364148.42,4,13.06,2313992.65,85043.58,448,Employed
647,29,292065.38,806580.93,10,8.06,6023418.87,800576.25,455,Unemployed
648,18,211491.7,249488.28,8,6.05,8276044.17,348308.75,775,Unemployed
649,93,63154.55,600941.76,19,12.83,2097833.68,517095.56,582,Unemployed
650,63,529690.34,531198.57,22,13.25,758084.84,805897.87,329,Employed
651,27,905313.18,220663.44,18,4.66,8782099.23,99762.32,714,Unemployed
652,54,152443.21,733576.23,3,5.2,7866584.41,163270.24,507,Unemployed
653,59,279933.3,356520.39,30,17.58,2010060.18,465216.01,605,Unemployed
654,87,818806.63,397622.68,8,10.2,8321438.97,934175.17,680,Self-employed
655,100,699011.36,520001.11,7,12.34,7829302.34,522601.15,829,Unemployed
656,95,264233.16,66229.81,2,13.3,1821383.29,918518.81,339,Self-employed
657,90,306206.05,300890.28,27,16.26,4885755.67,100911.4,782,Employed
658,52,158963.1,648561.6,6,16.21,7573361.54,606455.43,719,Unemployed
659,91,42589.33,751526.89,15,15.84,7730033.47,388942.47,462,Self-employed
660,37,538606.2,238826.96,11,12.76,626091.43,528751.94,326,Unemployed
661,44,155891.78,711790.29,23,7.56,8756527.64,517379.54,710,Unemployed
662,53,3087.35,676195.84,13,6.53,66184.74,151259.54,771,Employed
663,78,938166.72,351885.5,14,15.28,8296609.23,180995.52,407,Unemployed
664,84,304087.06,816193.12,21,0.51,3210232.77,501330.57,453,Employed
665,38,474249.16,846768.39,12,18.42,9688264.7,702062.38,781,Unemployed
666,18,644795.63,448465.29,9,16.42,3950230.16,911984.54,676,Unemployed
667,27,587132.37,75279.48,3,17.12,7801710.65,79849.21,489,Self-employed
668,25,758036.28,655313.34,4,11.97,2922751.34,23148.25,719,Employed
669,23,415406.57,678138.59,2,5.93,8649156.8,559687.6,638,Self-employed
670,72,645667.98,640806.14,27,13.59,9202820.97,860326.88,546,Self-employed
671,19,569859.82,310148.71,17,11.16,2844308.5,340290.57,835,Employed
672,47,526485.57,216456.21,12,3.4,6313458.56,727295.2,774,Unemployed
673,73,952252.64,865181.79,27,18.53,7207518.95,569071.52,641,Self-employed
674,22,964545.49,571199.31,11,19.29,6690482.26,884750.32,317,Employed
675,94,25349.24,65182.02,14,1.85,942706.91,542797.5,577,Employed
676,67,742498.98,30204.94,30,18.78,2007997.35,184815.35,554,Employed
677,58,452708.28,106159.07,29,17.68,9975414.19,156126.98,663,Unemployed
678,90,598544.82,982335.09,19,15.67,7167914.82,18888.21,405,Unemployed
679,73,21596.71,381143.84,22,19.22,1301619.55,2611.56,417,Self-employed
680,40,784219.63,400980.06,28,4.66,6410511.97,547546.86,405,Unemployed
681,31,847741.71,406346.21,5,16.34,5091798.91,996122.65,714,Employed
682,84,1440.21,100040.17,10,7.77,3023378.67,700030.73,623,Employed
683,92,238337.36,269238.19,29,11.57,2703090.79,108798.94,560,Unemployed
684,27,192360.52,8928.33,14,18.98,1267443.63,480036.17,443,Self-employed
685,41,347236.1,415321.54,10,7.9,4427478.73,243880.57,623,Employed
686,37,457586.67,468462.65,2,16.2,6109388.24,80313.74,444,Unemployed
687,19,314032.14,228129.64,17,17.11,14698.87,967467.28,423,Self-employed
688,67,111405.56,640131.08,24,16.34,7914568.17,394888.16,527,Self-employed
689,34,427902.48,889258.9,18,19.31,8825843.02,190903.53,423,Unemployed
690,92,371945.74,994469.75,6,2.93,6290203.83,224771.44,321,Self-employed
691,55,699537.54,155169.75,2,19.21,8258858.82,494517.56,455,Employed
692,62,359574.74,137995.1,29,13.72,4406993.19,990948.06,551,Self-employed
693,30,821238.56,614910.74,25,5.2,5622381.91,247135.21,322,Self-employed
694,85,464206.44,930596.13,24,19.47,8254497.22,820216.23,524,Employed
695,40,71027.64,521243.68,11,2.72,6443184.34,626619.08,600,Self-employed
696,60,957138.62,160190.29,8,19.89,9248503.94,426638.98,755,Self-employed
697,36,638529.71,997062.7,25,10.34,7391993.1,573624.62,366,Employed
698,35,805021.76,886730.57,19,10.31,9853164.11,465216.97,459,Self-employed
699,32,845501.77,459681.59,19,18.17,641064.83,400295.56,682,Self-employed
700,53,78548.49,670944.32,26,13.11,4557173.38,467250.88,618,Unemployed
701,53,658097.67,895286.91,2,19.85,9880641.6,595248,317,Employed
702,78,152040.24,500566.95,10,19.73,9704447.7,958526.65,522,Unemployed
703,81,226991.9,350662.54,28,17.36,9856899.94,686653.79,745,Employed
704,51,943270.77,331338,17,8.42,2349569.28,588091.26,372,Unemployed
705,21,858464.93,282869.25,30,6.04,5181165.98,102323.75,428,Unemployed
706,22,335235.38,689927.36,16,14.7,4415724.29,922236.58,808,Unemployed
707,83,890767.61,266990.38,12,7.26,7801167.36,423120.26,415,Unemployed
708,73,442257.67,956341.92,28,18.75,5550793.6,135133.7,843,Employed
709,81,422912.47,657687.1,15,1.17,7491170.5,831797.24,690,Unemployed
710,84,393551.22,268060.47,9,19.25,2913970,642877.66,445,Self-employed
711,48,967756.52,551735.58,16,14.62,8258113.2,528009.6,819,Employed
712,92,342455.02,562563.56,2,9.96,2809288.3,936803.23,638,Self-employed
713,24,50076.65,759467.16,10,18.34,4394207.26,459979.48,682,Unemployed
714,38,739282.98,420796.96,21,17.26,9500263.7,27520.17,814,Employed
715,47,207661.93,370586.22,23,12.4,4037389.55,706801.7,474,Unemployed
716,44,392644.28,63645.39,7,1.09,4840318.53,776888.84,739,Self-employed
717,90,321452.58,87607.61,9,13.78,126454.56,303509.08,791,Employed
718,42,78175.71,39243.4,18,6.7,925218.53,165542.85,654,Employed
719,64,42525.65,861012.45,23,0.56,1635039.3,74074.25,846,Self-employed
720,39,15022.76,908924.41,10,14.67,9893155.31,147233.6,550,Unemployed
721,36,989016.69,145569.65,19,19.85,8734507.8,599462.33,373,Unemployed
722,48,508162.61,283962.33,1,19.54,1209526.33,814497.64,712,Unemployed
723,25,626949.38,194863.21,25,18.27,3716572.37,445860.24,639,Employed
724,40,793663.36,204987.92,22,13.25,6428062.84,629116.68,644,Self-employed
725,58,56296.03,791140.25,27,4.69,3325367.24,648573.3,697,Employed
726,42,722230.62,894191.95,21,13.76,8404645.93,52740.55,764,Employed
727,62,887045.68,108302.33,13,3.64,4614297.76,470698.51,407,Self-employed
728,47,609296.38,992545.38,28,19.1,7819306.51,110253.42,318,Self-employed
729,58,35269.37,455415.7,18,15.48,152054.37,752045.32,600,Unemployed
730,79,695220.79,232487.97,27,8.72,8452523.23,442426.43,543,Employed
731,37,587149.04,77252.49,18,8.45,3542591.47,492782.92,822,Unemployed
732,75,353929.86,288107.9,4,11.17,1712001.88,185591.66,564,Employed
733,54,117185.87,389760.61,25,5.14,7558127.71,676024.78,697,Employed
734,79,932040.79,488724.23,13,12.31,3816189.4,639721.31,829,Employed
735,41,429631.69,445854.55,5,8.21,3453838.23,447459.23,584,Employed
736,99,543364.68,295596.48,8,13.07,1142131.86,268505.76,369,Unemployed
737,69,709451.11,5190.96,27,9.29,3072815.76,192037.51,742,Unemployed
738,20,628841.4,506623.88,4,6.3,4007564.86,31247.06,369,Self-employed
739,62,546482.28,122541.17,9,8.04,5462241.87,399281.06,476,Self-employed
740,18,617725.81,499240.65,12,3.8,7535780.98,136020.85,695,Employed
741,53,750461.76,903347.61,19,10,8766454.98,603749.4,425,Self-employed
742,47,235328.01,487409.14,3,4.67,7039196.52,793219.78,337,Self-employed
743,62,464185.95,623955.96,15,15.61,4362909.22,701035.49,575,Self-employed
744,20,946130.24,740596.59,25,0.07,8227953.76,931951.9,538,Unemployed
745,40,224779.52,190041.18,28,5.36,9179337.16,840635.27,720,Unemployed
746,96,251438.35,992664.53,1,17.26,3248552.31,99753.99,302,Self-employed
747,51,929081.67,372551.29,2,2.83,7667821.28,657354.09,607,Self-employed
748,86,179474.14,175106.07,21,2.25,3509744.45,921685.01,810,Unemployed
749,69,618763.73,935837.06,16,4.93,6567981.87,98368.56,442,Self-employed
750,48,390934.82,853934.85,10,17.57,6445108.15,454974.97,455,Self-employed
751,82,241009.86,333593.47,30,15.46,5940277.82,363602.25,657,Unemployed
752,55,319195.94,104042.13,21,12.42,8332099.56,217807.82,741,Employed
753,47,398231.36,900649.73,4,8.02,4902092.26,416448.88,750,Self-employed
754,83,876758.77,798233.49,25,11.89,3218854.55,518658.93,470,Self-employed
755,25,531126.71,432494.27,21,11.52,681560.81,383406.69,796,Unemployed
756,24,745518.73,145865.56,23,18.33,4839323.61,764572.28,641,Unemployed
757,85,358602.49,647562.76,18,0.57,5971077.91,964181.65,710,Self-employed
758,59,943870.95,557535.87,22,4.14,2071235.25,358248.55,639,Self-employed
759,52,977120.12,540320.85,30,13.84,6611293.99,415756.44,591,Unemployed
760,96,993938.14,556781.37,19,5.04,1171289.44,212015.74,713,Employed
761,81,939065.27,4520.26,2,12.19,7483243.92,46724.92,829,Self-employed
762,47,273118.28,468031.79,16,0.25,1845435.33,382373.16,644,Unemployed
763,63,678914.18,941962.41,23,4.59,9940663.92,71280.69,742,Employed
764,66,603561,25890.39,19,6.38,5140191.59,815582.27,437,Self-employed
765,44,725764.72,71312.64,18,2.67,6104645.19,406088.04,345,Unemployed
766,47,763843.24,292750.27,18,5.52,3980374.32,759754.95,558,Self-employed
767,34,957323.48,659030.46,13,9.6,3289548.66,235249.9,672,Self-employed
768,98,460559.4,677413.85,20,1.52,6826826.67,162346.35,750,Self-employed
769,28,227390.62,753912.74,13,5.37,6145942.07,921041.04,325,Employed
770,18,569223.66,734000.97,10,10.05,9990856.45,481110.87,558,Self-employed
771,99,850917.26,387840.68,21,12.43,6715072.02,393178.25,573,Unemployed
772,45,623457.56,551262.37,16,17.97,308822.81,804259.8,805,Unemployed
773,85,805063.94,439399.68,3,19.78,7220747.97,558515.2,508,Self-employed
774,90,72255.12,778741.62,23,5.28,6805934.51,579040.71,300,Unemployed
775,76,824615.73,48075.02,1,10.45,7000825.45,312754.37,748,Self-employed
776,37,534107.28,54980.86,11,0.15,7532257.5,859964.39,747,Unemployed
777,29,864644.56,259747.16,28,3.83,9904065.29,364338.53,512,Unemployed
778,90,341743.64,675598.49,7,17.61,8294687.15,820312.64,569,Self-employed
779,27,631761.18,462447.37,21,18.89,1826750.41,776993.75,364,Unemployed
780,61,84632.19,297067.92,16,13.94,9805948.26,374794.06,578,Employed
781,53,464842.71,780511.04,26,6.03,1125160.13,480750.77,529,Self-employed
782,64,175286.06,947281.25,20,11.78,6667841.97,94426.75,527,Self-employed
783,55,218857.86,181509.63,2,13.72,5481151.36,477522.55,827,Self-employed
784,68,663686.76,718114.92,7,15.24,9290059.85,503153.1,314,Self-employed
785,63,639340.31,268349.46,14,12.76,9064556.47,37281.77,639,Unemployed
786,86,301431.35,214730.36,18,4.93,9829341.56,36526.86,499,Employed
787,75,426729.76,778581.63,19,1.55,7323368.73,491042.33,330,Self-employed
788,97,302077.85,966675.16,26,11.81,2184801.75,448571.14,333,Unemployed
789,37,379487.24,10605.38,24,11.67,5351932.22,127051.6,440,Self-employed
790,39,308056.47,151641.02,16,13.18,6469178.07,792563.23,500,Unemployed
791,57,54041.6,865056.7,12,14.34,4404666.59,803828.27,844,Unemployed
792,49,690402.47,205597.25,4,16.77,1908500.69,712997.96,529,Unemployed
793,76,623161.74,77496.44,10,7.6,5429119.93,479046.94,815,Self-employed
794,44,589804.72,428381.58,12,8.3,5136743.8,876164.5,832,Employed
795,40,518801.93,443283.92,30,11.1,7422143.08,178698.5,818,Unemployed
796,18,906686.55,900397.54,10,6.57,3834062.75,183599.25,606,Self-employed
797,84,171032.65,327907.56,26,11.09,9608737.81,243798.13,383,Unemployed
798,45,405611.65,57124.67,28,3.25,1386168.98,863445.7,708,Unemployed
799,56,814246.69,443094.2,22,19.47,9998815.99,499023.08,783,Self-employed
800,55,856119.8,158090.13,18,14.56,5515634.3,437337.29,608,Self-employed
801,91,592251.47,356506.73,2,15.67,9173733.3,673382.63,829,Self-employed
802,64,484718.36,665359.75,29,18.5,9381187.04,372057.75,664,Employed
803,37,950047.66,998491.94,10,14.04,2589650.74,32659.39,705,Employed
804,94,722125.27,839362.73,16,4.11,930610.12,67314.66,753,Employed
805,42,539556.82,508759.43,6,8.13,960132.36,478068,726,Self-employed
806,87,445845.93,670175.96,29,9.2,1929790.64,990955.33,494,Employed
807,68,42370.84,817277.32,11,0.66,37620.06,684955.42,763,Self-employed
808,83,480274.69,547083.92,25,3.74,6997151.96,908969.99,493,Employed
809,27,300644.35,557845.01,19,12.85,8874499.32,940983.63,490,Self-employed
810,47,918750.49,456001.04,24,18.18,8908449.19,898006.62,343,Employed
811,42,742706.04,330255.92,22,7.51,5696932.02,608188.34,792,Unemployed
812,22,100247.04,947258.38,12,7.58,4507711.32,193430.6,616,Self-employed
813,78,40182.21,318864.67,3,19.31,7800400.51,112649.85,478,Employed
814,51,428028.48,589027.98,1,4.83,1029172.74,296169.87,576,Self-employed
815,97,634888.27,9114.01,15,6.81,6841225.16,110373.47,567,Unemployed
816,72,232577.86,404704.08,11,9.25,3117068.66,298191.75,615,Employed
817,20,149337.93,736877.91,24,14.12,1185107.52,401366.79,537,Employed
818,19,614479.94,783849.55,16,4.57,3901494.74,961626.42,604,Unemployed
819,82,603980.85,106641.51,15,5.65,9304162.28,708202.54,825,Unemployed
820,68,146394.22,189284.58,29,15.4,5814736.05,729332.41,554,Unemployed
821,31,216119.66,351082.64,17,3.12,988399.1,525168.3,688,Unemployed
822,61,810078.89,727683.98,22,11.66,3871108.24,816744.37,773,Employed
823,76,220775.88,723594.23,11,0.7,3598057.25,162224.22,366,Self-employed
824,100,547938.24,192726.78,29,19.75,2705778.2,388132.97,477,Self-employed
825,81,752554.68,866283.56,20,19.8,5057584.53,800775.14,472,Self-employed
826,36,516331.79,786240.63,5,4.07,1577364.34,448085.02,707,Self-employed
827,40,677132.16,125174.44,27,10.3,4238253.52,657028.95,673,Employed
828,58,450664.09,82746,2,2.67,8467183.13,419553.77,764,Unemployed
829,54,673666.84,325748.03,11,1.69,6851690.26,300156.47,344,Self-employed
830,42,828580.32,201966.34,3,6.46,9410460.61,212639.15,479,Employed
831,82,606935.66,570902.61,19,5.43,1197501.99,381983.09,303,Unemployed
832,77,160085.57,122670.07,5,6.22,4537137.54,51158.2,831,Employed
833,94,733471.51,732374.11,29,9.66,3184934.86,874033.3,609,Unemployed
834,59,79889.58,358587.03,20,5.25,3510608.72,608393.85,594,Employed
835,56,533227.14,64324.4,7,16.33,455860.92,490882.52,598,Employed
836,96,740090.52,585684.52,12,13.7,1776984.52,417090.28,582,Self-employed
837,19,838942.68,583316.07,29,4.29,6943102.54,928250.82,343,Self-employed
838,53,172763.31,979263.99,1,17.75,5082337.54,353222.08,382,Employed
839,72,515605.96,521195.39,30,0.93,9462715.68,299549.08,820,Self-employed
840,55,862122.76,550208.37,5,17.87,8900493.44,482374.87,618,Employed
841,20,312266.26,789604.62,18,9.03,6646067.59,402867.89,521,Self-employed
842,36,46366.84,103719.72,15,5.08,482369.61,653114.06,628,Unemployed
843,85,339.34,175906.4,7,1.26,7352275.93,593127.14,440,Unemployed
844,92,981166.33,877289.22,17,19.78,4836081.15,224467.82,717,Employed
845,30,317025.46,669034.08,10,14.48,5875913.78,169769.68,426,Self-employed
846,62,418600.79,527330.98,3,2.11,7931139.13,923266.3,397,Employed
847,36,138557.99,86733.66,4,14.88,5493924.75,706434.92,722,Employed
848,75,321716.21,308830.13,1,8.59,2713693.82,799490.53,550,Self-employed
849,39,260885.32,883765.35,8,19.95,6144657.84,470714.5,606,Self-employed
850,75,468093.25,300710.89,15,9.96,2396758.34,948349.17,351,Self-employed
851,59,779633.38,123528.72,13,7.42,3455345.23,885937.17,646,Self-employed
852,44,475328.55,654454.56,14,4.8,7240426.3,827055.3,717,Employed
853,55,106174.49,228074.25,13,2.56,9233096.15,379685.35,632,Unemployed
854,38,801976.08,235676.41,25,19.59,2703552.06,547853.68,509,Unemployed
855,91,518255.41,874454.41,10,13.69,8554452.56,964485.82,493,Employed
856,21,80798.54,259038.56,5,9.76,9949452.2,522377.59,565,Self-employed
857,77,978911.46,47634.07,8,4.86,60478.89,832808.68,538,Employed
858,23,505803.9,971778.64,6,2.34,4866003.23,640107.14,316,Employed
859,91,947312.96,394592.28,21,3.53,7667945.87,879349.25,801,Employed
860,74,966368.93,662766.63,8,19.18,8400017.7,334018.15,655,Unemployed
861,96,863720.21,287553.53,23,18.54,9539211.82,165705.2,790,Unemployed
862,55,542967.51,165157.93,23,3.45,658803.13,876060.92,687,Self-employed
863,94,342946.12,224425.6,19,17.4,4266354.38,141044.54,488,Employed
864,37,415853.19,331756.41,9,12.32,8322941.68,739859.53,488,Employed
865,89,495613.03,651197.07,27,14.23,8293769.82,259051.9,664,Employed
866,33,635628.44,84913.78,25,19.59,5216035.09,906932.38,470,Self-employed
867,56,156409.11,958442.49,23,18.9,536625.04,589392.8,581,Unemployed
868,33,219479.09,242726.14,2,13.95,6886765.08,140946.1,338,Employed
869,90,625952.43,870302.51,29,10.76,1941065.98,384336.72,572,Unemployed
870,42,363754.88,197078.94,29,0.8,7080956.04,186484.21,695,Self-employed
871,20,486546.31,834537.96,26,12.04,9046618.91,628085.17,800,Employed
872,61,301930.27,887820.75,8,19.6,2209885.81,175480.45,564,Employed
873,32,766187.11,928966.04,30,15.68,6507214.3,870095.33,498,Self-employed
874,49,935267.03,744451.56,2,13.99,5152685.02,886552.72,332,Unemployed
875,54,309021.28,616446.95,12,6.62,8987870.82,544211.9,407,Unemployed
876,100,12551.85,90108.84,6,2.23,2508470.69,566477.31,347,Employed
877,57,382698.21,550513.23,14,5.97,5579492.47,57753.89,498,Self-employed
878,32,536125.06,76211.04,19,6.69,6470491.4,679502.13,383,Self-employed
879,28,21970.36,767166.23,12,4.87,7164640.41,181571.64,561,Employed
880,67,151417.16,427565.7,23,0.38,7505140.96,778558.24,758,Unemployed
881,49,364334.26,457776.93,4,14.29,8298788.02,642808.68,532,Unemployed
882,58,721465.69,626612.82,3,12.59,7816549.9,64676.48,782,Unemployed
883,34,499856.91,292484.54,3,10.71,7705327.1,922179.38,698,Employed
884,94,232919.91,959927.8,7,15.57,9810736.12,952333.31,514,Self-employed
885,32,590360.66,245898.99,23,7.38,760385.53,998704.25,789,Unemployed
886,71,97143.4,469961.64,9,3.41,4544978.18,903691.96,403,Employed
887,34,121416.85,820274.07,30,14.13,6345832.4,996988.66,403,Self-employed
888,78,996580.81,780334.13,2,9.08,6393091,101462.62,398,Self-employed
889,70,618224.61,110802.22,12,3.95,2470732.6,336069.14,515,Self-employed
890,41,434570.41,445667.39,25,16.13,3482118.49,587254.6,679,Unemployed
891,83,140516.53,974159.08,8,8.18,7849175.66,220195.32,558,Employed
892,48,394599.1,934716.1,26,19.53,5627284.03,269166.13,457,Employed
893,84,282613.97,199746.26,7,17.53,9721059.29,852749.21,321,Employed
894,79,816434.52,629427.53,1,16.52,68328.29,561846.89,428,Unemployed
895,88,668892.25,776742.48,20,18.44,5827356.9,130181.62,627,Unemployed
896,91,757488.16,329854.52,17,3.74,2735583.78,962750.23,458,Self-employed
897,81,794600.47,728961.95,25,19.16,8664583.28,850748.08,692,Unemployed
898,46,277207.76,361051.45,25,15.23,1910530.8,211838.88,728,Self-employed
899,44,563396.8,272814.34,5,12.44,8167601.58,983026.88,621,Employed
900,19,647392.09,846107.22,23,7.68,8043285.39,675335.47,802,Unemployed
901,20,788735.33,537777.54,8,15.08,1551215.67,981473.5,711,Self-employed
902,50,870963.76,633999.35,15,12.92,7054987.01,353908.02,850,Employed
903,81,827282.69,750309.33,7,6.71,8870796.35,90739.66,432,Employed
904,42,655160.34,216464.05,29,16.24,837528.79,669021.14,427,Self-employed
905,38,713828.14,406613.51,28,19.62,9925408.08,874803.11,827,Unemployed
906,85,451648.83,587496.15,30,7.06,4198621.71,171105.21,788,Unemployed
907,95,173050.49,572675.28,12,19.82,2794378.48,712929.53,673,Employed
908,21,531433.86,358552.84,26,4.29,8222785.25,159138.88,711,Unemployed
909,87,854760.07,453188.37,25,1.24,7728339.37,907191.16,579,Unemployed
910,50,180584.87,693765.92,29,15.66,3750742.7,341805.02,370,Unemployed
911,25,561741.18,894675.28,3,6.31,1388344,585280.37,806,Unemployed
912,46,24050.26,416495.88,8,3.62,5652416.42,674757.26,542,Unemployed
913,99,641409.03,135440.06,8,2.46,8339127.6,744042.05,396,Unemployed
914,80,44431.1,478360.08,8,4.15,7271484.41,43941.69,626,Self-employed
915,59,137163.23,661713.43,26,10.98,5316700.98,269509.58,735,Self-employed
916,66,511641.08,909801.8,14,17.12,6371927.25,469585.57,518,Self-employed
917,90,726388.22,207686.28,5,11.56,2818566.28,396862.67,601,Employed
918,57,623260.3,433506.33,26,1.26,3558459.91,6118.23,842,Self-employed
919,74,74012.12,778338.95,2,12.59,2661404.77,675631.96,524,Self-employed
920,85,53810.32,765302.5,20,16.98,2865996.34,248680.06,612,Employed
921,42,668031.59,483442.69,7,10.05,4969312.31,833238.53,518,Unemployed
922,64,596176.25,470348.89,17,8.87,1542893.72,30731.48,334,Self-employed
923,27,752633.08,182317.99,7,12.23,8889451.18,779493.77,380,Employed
924,24,179268.7,478374.58,18,3.44,6597044.35,274392.97,849,Employed
925,75,391416.65,168131.35,18,17.34,3491164.28,533134.58,663,Self-employed
926,96,942506.46,360845.46,10,16.98,7154716.62,31829.79,513,Employed
927,19,288070.95,210252.72,15,8.86,9203923.87,289879.1,398,Self-employed
928,78,976578.53,521365.58,21,13.88,9643755.7,219009.66,428,Self-employed
929,98,997640.58,269839.19,15,18.72,9786018.19,785806.68,558,Self-employed
930,84,71636.25,144200.03,4,6.17,5911815.32,501838.19,378,Self-employed
931,87,541497.43,302823.77,12,0.05,6818570.27,248619.34,344,Unemployed
932,46,403303.21,260952.08,7,0.14,7648961.11,856502.61,564,Unemployed
933,32,441278.96,893582.66,11,5.82,5156334.17,515247.66,411,Employed
934,57,443895.91,586708,27,4.92,7732453.69,647557.44,340,Self-employed
935,90,968909.72,190507.3,20,17.35,9653292.4,490157.19,617,Unemployed
936,97,552054.93,784442.48,17,7.84,3797388.79,860892.94,839,Self-employed
937,65,638904.01,767854.97,28,19.56,8009872.04,283402.45,826,Self-employed
938,99,903990.91,943581.75,2,17.61,929890.54,908471.77,673,Unemployed
939,92,745384.91,765969,21,4.01,8397540.31,563362.05,686,Employed
940,51,252936.71,259502.37,1,18.11,674224.11,106218.43,704,Self-employed
941,40,607536.63,467665.72,18,10.11,385169.73,713776.48,376,Self-employed
942,59,93088.68,142094.74,3,11.42,6925401.62,670013.12,508,Unemployed
943,76,101072.42,576114.22,8,5.35,9854960.13,830266.86,682,Employed
944,85,635704.2,625670.37,23,9.23,1068431.08,977156.11,472,Self-employed
945,43,172191.85,256331.24,22,13.61,4563810.25,92367.52,453,Employed
946,47,79672.95,618263.6,20,6.28,4652049.5,72377.11,678,Self-employed
947,43,852447.73,810520.81,4,2.88,5091654.71,399840.97,581,Unemployed
948,97,423991.57,190157.74,28,15.74,1837029.05,814201.06,622,Self-employed
949,80,473871.92,424608.89,30,13.29,1770174.06,370500.57,423,Employed
950,33,186971.06,611375.45,16,18.35,6085972.72,539968.74,328,Self-employed
951,88,844051.11,539277.39,7,15.4,4166648.04,878568,647,Self-employed
952,79,289914.81,740516.35,2,0.55,2763617.49,425521.18,522,Employed
953,26,45310.96,458294.95,17,19.29,8954852.17,382189.73,366,Self-employed
954,44,743467.56,609117.11,7,13.43,4839103.97,725107.25,424,Unemployed
955,82,73997.48,479094.37,10,4.12,4849559.96,210407.92,615,Employed
956,19,355475.14,602360.2,6,17.17,6942590.51,676679.26,820,Self-employed
957,55,664552.78,306679.9,25,19.79,4604136.79,269938.62,726,Employed
958,43,529591.96,588374.86,15,10,5025071.69,155800.86,332,Unemployed
959,32,585026.93,646927.76,13,3.08,9117876.81,588914.21,539,Self-employed
960,54,309058.85,307928.69,1,4.09,9317923.13,128989.13,507,Self-employed
961,82,462040.74,998827.73,1,11.38,2717176.94,796530.62,489,Self-employed
962,46,883119.67,39079.67,13,6.81,5418828.06,240652.76,553,Unemployed
963,51,630535.67,507850.04,7,10.42,1507568.98,659428.41,391,Self-employed
964,95,926532.22,926373.11,16,6.36,5112193.13,684794.13,723,Employed
965,29,464547.61,378814.4,1,15.83,6168165.15,4901.46,522,Self-employed
966,42,578982.47,112092.55,16,2.76,8747432.39,970284.18,731,Self-employed
967,25,819648.53,338844.46,2,0.78,8948113.42,145071.07,499,Self-employed
968,54,504033.13,387697.12,23,11.71,185935.36,363435.65,770,Unemployed
969,87,853970.48,481345.7,3,0.57,5209702.29,909358.05,629,Employed
970,70,130502.48,770791.05,16,19.86,7046860.33,43228.71,728,Employed
971,42,540704.7,28157.28,19,8.39,7070306.41,889976.98,829,Self-employed
972,19,70925.73,815285.84,5,2.22,6672247.11,773398.17,830,Employed
973,46,239863.35,946413.22,28,6.82,155489.18,703169.56,616,Self-employed
974,49,602439.56,115613.83,10,4.34,4628643.2,148607,652,Unemployed
975,73,314600.26,76129.32,3,14.54,2724865.1,901383.92,674,Employed
976,34,460462.08,715423.3,11,3.62,5779445.77,800527.88,520,Unemployed
977,89,736951.2,590922.81,29,19.01,500569.11,901149.87,612,Self-employed
978,90,750281.44,966547.56,3,10.35,3869302.28,371488.82,370,Self-employed
979,48,611080.82,461574.44,22,0.04,7533491.73,15941.81,711,Unemployed
980,65,471354.05,854006.41,8,17.8,7181861.09,25127.85,590,Unemployed
981,68,472361.61,134171.45,27,5.56,4550797.44,405341.85,436,Self-employed
982,74,139293.63,421127.62,24,7.5,2931643.91,700428.4,691,Unemployed
983,98,364581.45,798497.29,29,15.76,3998503.58,205377.57,462,Unemployed
984,91,25314.77,639927.87,4,3.93,4922207.33,973228.49,804,Self-employed
985,95,543575.03,841419.06,18,4.51,7540344.27,639493.21,440,Unemployed
986,79,607466.54,343501.26,4,8.97,4047642.63,535991.18,599,Unemployed
987,85,96142.18,436375.95,4,5.53,3588467.48,857065.21,381,Self-employed
988,81,723687.97,667946.93,22,0.67,2141195.23,711347.51,526,Self-employed
989,82,50826.14,233562.84,5,7.32,5494492.26,401888.49,785,Employed
990,64,419723.4,418228.68,6,2.29,3536549.49,707398.12,555,Unemployed
991,89,988852.74,234750.08,7,14.6,9734335.32,708079.64,507,Unemployed
992,50,85020.09,685223.67,30,6.79,6357444.01,235788.59,656,Unemployed
993,51,342181.26,325422.58,8,17.96,6859716.82,238297.74,560,Self-employed
994,98,894321.8,796099.85,13,15,6688396.3,965940.1,646,Employed
995,46,346193.82,392229.98,27,2.69,6376502.3,667609.05,700,Employed
996,33,372530.68,799691.47,18,12.85,440782.15,713128.72,431,Employed
997,62,609897.57,477015.68,4,1.77,7504162.17,724687.87,803,Employed
998,54,427280.14,594213.62,15,0.37,6234160.31,62991.07,309,Self-employed
999,72,683124.67,660266.16,22,16,3705039.62,426491.1,443,Unemployed
1000,80,295751.88,754446.67,30,2.78,3032452.39,108369.87,527,Employed
